{
  "project_info": {
    "project_number": "803822542817",
    "firebase_url": "https://iotprojec.firebaseio.com",
    "project_id": "iotprojec",
    "storage_bucket": "iotprojec.appspot.com"
  },
  "client": [
    {
      "client_info": {
        "mobilesdk_app_id": "1:803822542817:android:606efec8c25041a7",
        "android_client_info": {
          "package_name": "com.example.john.iotapp"
        }
      },
      "oauth_client": [
        {
          "client_id": "803822542817-jdq6n3kf8k2b4qo06lcen033r7m7jfn1.apps.googleusercontent.com",
          "client_type": 1,
          "android_info": {
            "package_name": "com.example.john.iotapp",
            "certificate_hash": "3775d315e27a20973eeda671566cd07549f33d42"
          }
        },
        {
          "client_id": "803822542817-8fkugouo2vtbcr8j6rhhjiep8000mktg.apps.googleusercontent.com",
          "client_type": 3
        }
      ],
      "api_key": [
        {
          "current_key": "AIzaSyCZJ31W5DSRWxG2YduDLFcaYB_znm03SCo"
        }
      ],
      "services": {
        "analytics_service": {
          "status": 1
        },
        "appinvite_service": {
          "status": 2,
          "other_platform_oauth_client": [
            {
              "client_id": "803822542817-8fkugouo2vtbcr8j6rhhjiep8000mktg.apps.googleusercontent.com",
              "client_type": 3
            }
          ]
        },
        "ads_service": {
          "status": 2
        }
      }
    },
    {
      "client_info": {
        "mobilesdk_app_id": "1:803822542817:android:563c164c13d69ffd",
        "android_client_info": {
          "package_name": "com.mina.iot"
        }
      },
      "oauth_client": [
        {
          "client_id": "803822542817-8fkugouo2vtbcr8j6rhhjiep8000mktg.apps.googleusercontent.com",
          "client_type": 3
        }
      ],
      "api_key": [
        {
          "current_key": "AIzaSyCZJ31W5DSRWxG2YduDLFcaYB_znm03SCo"
        }
      ],
      "services": {
        "analytics_service": {
          "status": 1
        },
        "appinvite_service": {
          "status": 1,
          "other_platform_oauth_client": []
        },
        "ads_service": {
          "status": 2
        }
      }
    }
  ],
  "configuration_version": "1"
}